epoch,train_loss,val_loss,train_accuracy,val_accuracy,duration_secs
1,0.095370,0.000244,0.988636,1.000000,4724.08
2,0.000201,0.000149,1.000000,1.000000,3585.78
